fold,subject,loss,mae,mape,CLASSIFICADOR,FILTERS,KERNEL_SIZES,DENSE_LAYERS,BATCH_SIZE,LEARNING_RATE,EPOCHS,ACTIVATION,OPTIMIZER,DROPOUT_RATE,USE_POOLING,combination_id,execution_time
1,0,1209.2285569092962,29.668826424626186,0.2582128117203284,CNN1D,"(64, 32)","(5,)","(64,)",16,0.001,50,relu,adam,0.0,True,1,92.81578016281128
2,1,1132.369241693213,31.302290923378685,0.3935725310633029,CNN1D,"(64, 32)","(5,)","(64,)",16,0.001,50,relu,adam,0.0,True,1,92.81578016281128
3,2,73.3975357866604,6.785206349494828,0.08093576555832568,CNN1D,"(64, 32)","(5,)","(64,)",16,0.001,50,relu,adam,0.0,True,1,92.81578016281128
4,3,522.8848062499492,19.636421193536417,0.20760834409771187,CNN1D,"(64, 32)","(5,)","(64,)",16,0.001,50,relu,adam,0.0,True,1,92.81578016281128
5,4,212.53608614518348,11.771817956367205,0.11872345744299054,CNN1D,"(64, 32)","(5,)","(64,)",16,0.001,50,relu,adam,0.0,True,1,92.81578016281128
6,5,336.2399423737005,14.320208356543574,0.16407384110383677,CNN1D,"(64, 32)","(5,)","(64,)",16,0.001,50,relu,adam,0.0,True,1,92.81578016281128
7,6,110.1640196112287,8.167931617060795,0.09146892266732595,CNN1D,"(64, 32)","(5,)","(64,)",16,0.001,50,relu,adam,0.0,True,1,92.81578016281128
8,7,327.4106099547234,15.213117940366761,0.20614185936228036,CNN1D,"(64, 32)","(5,)","(64,)",16,0.001,50,relu,adam,0.0,True,1,92.81578016281128
1,0,1022.3327609150726,26.680973014916127,0.22715043391413076,CNN1D,"(64, 32)","(5,)","(64,)",16,0.001,50,relu,adam,0.0,False,2,122.61712408065796
2,1,1063.9286538965316,29.978974603306163,0.3776723766484177,CNN1D,"(64, 32)","(5,)","(64,)",16,0.001,50,relu,adam,0.0,False,2,122.61712408065796
3,2,113.31779643727106,8.55304864668883,0.09608606091211885,CNN1D,"(64, 32)","(5,)","(64,)",16,0.001,50,relu,adam,0.0,False,2,122.61712408065796
4,3,987.1004109145755,28.884906765574232,0.31407537096618976,CNN1D,"(64, 32)","(5,)","(64,)",16,0.001,50,relu,adam,0.0,False,2,122.61712408065796
5,4,150.19617925163578,9.991786287930529,0.1009932384978934,CNN1D,"(64, 32)","(5,)","(64,)",16,0.001,50,relu,adam,0.0,False,2,122.61712408065796
6,5,302.256161262779,13.549638081383554,0.15583649771943137,CNN1D,"(64, 32)","(5,)","(64,)",16,0.001,50,relu,adam,0.0,False,2,122.61712408065796
7,6,101.39833930276134,7.942571289931671,0.09117301180704743,CNN1D,"(64, 32)","(5,)","(64,)",16,0.001,50,relu,adam,0.0,False,2,122.61712408065796
8,7,198.91187928915275,11.577499424130464,0.15228042910167552,CNN1D,"(64, 32)","(5,)","(64,)",16,0.001,50,relu,adam,0.0,False,2,122.61712408065796
1,0,359.3186726390412,15.141640285694944,0.1352821956638067,CNN1D,"(64, 32)","(5,)","(64,)",16,0.001,50,relu,adam,0.5,True,3,157.4401731491089
2,1,301.10127965373243,14.511128399588845,0.1869814368067121,CNN1D,"(64, 32)","(5,)","(64,)",16,0.001,50,relu,adam,0.5,True,3,157.4401731491089
3,2,109.79407393181768,8.086547682085708,0.0910552055696201,CNN1D,"(64, 32)","(5,)","(64,)",16,0.001,50,relu,adam,0.5,True,3,157.4401731491089
4,3,295.5589359096815,11.940168748341268,0.11596490628416226,CNN1D,"(64, 32)","(5,)","(64,)",16,0.001,50,relu,adam,0.5,True,3,157.4401731491089
5,4,147.72832799580974,9.626079528319575,0.09754432216796939,CNN1D,"(64, 32)","(5,)","(64,)",16,0.001,50,relu,adam,0.5,True,3,157.4401731491089
6,5,471.13813396418664,17.345981461859513,0.20306159511003297,CNN1D,"(64, 32)","(5,)","(64,)",16,0.001,50,relu,adam,0.5,True,3,157.4401731491089
7,6,116.65549920454689,8.483155893977685,0.09228648520885516,CNN1D,"(64, 32)","(5,)","(64,)",16,0.001,50,relu,adam,0.5,True,3,157.4401731491089
8,7,203.44967595830286,11.66933291805677,0.1534605508078956,CNN1D,"(64, 32)","(5,)","(64,)",16,0.001,50,relu,adam,0.5,True,3,157.4401731491089
1,0,579.4470990959825,19.5957818496518,0.16984659773416844,CNN1D,"(64, 32)","(5,)","(64,)",16,0.001,50,relu,adam,0.5,False,4,171.232088804245
2,1,669.1082385091678,22.47683219649575,0.27725916492648833,CNN1D,"(64, 32)","(5,)","(64,)",16,0.001,50,relu,adam,0.5,False,4,171.232088804245
3,2,135.28028792510742,8.961233895316024,0.09830977156579365,CNN1D,"(64, 32)","(5,)","(64,)",16,0.001,50,relu,adam,0.5,False,4,171.232088804245
4,3,327.4573452857853,13.246190012257077,0.12394271363810243,CNN1D,"(64, 32)","(5,)","(64,)",16,0.001,50,relu,adam,0.5,False,4,171.232088804245
5,4,125.46944812248319,8.90431626121,0.08976225134706906,CNN1D,"(64, 32)","(5,)","(64,)",16,0.001,50,relu,adam,0.5,False,4,171.232088804245
6,5,395.3393631545063,15.674504139884938,0.1803632311738511,CNN1D,"(64, 32)","(5,)","(64,)",16,0.001,50,relu,adam,0.5,False,4,171.232088804245
7,6,118.39415114635062,8.500323462184472,0.09511584827982389,CNN1D,"(64, 32)","(5,)","(64,)",16,0.001,50,relu,adam,0.5,False,4,171.232088804245
8,7,204.70494041853286,11.733890357096332,0.1614645121295947,CNN1D,"(64, 32)","(5,)","(64,)",16,0.001,50,relu,adam,0.5,False,4,171.232088804245
1,0,381.71143592531297,15.808959435465066,0.14223577179919755,CNN1D,"(64, 32)","(5,)","(64,)",16,0.01,50,relu,adam,0.0,True,5,165.95784854888916
2,1,370.7400561534959,16.48060021573847,0.2267281429129323,CNN1D,"(64, 32)","(5,)","(64,)",16,0.01,50,relu,adam,0.0,True,5,165.95784854888916
3,2,87.2376786379411,7.431511358291477,0.08837872326110227,CNN1D,"(64, 32)","(5,)","(64,)",16,0.01,50,relu,adam,0.0,True,5,165.95784854888916
4,3,319.8523744538662,13.721850255738854,0.12537119400850752,CNN1D,"(64, 32)","(5,)","(64,)",16,0.01,50,relu,adam,0.0,True,5,165.95784854888916
5,4,169.2414986594046,10.380255967143299,0.10255698134700901,CNN1D,"(64, 32)","(5,)","(64,)",16,0.01,50,relu,adam,0.0,True,5,165.95784854888916
6,5,308.1024196746372,13.804023321596873,0.1683362405399663,CNN1D,"(64, 32)","(5,)","(64,)",16,0.01,50,relu,adam,0.0,True,5,165.95784854888916
7,6,142.23747737454434,9.214189733432818,0.09965004556318438,CNN1D,"(64, 32)","(5,)","(64,)",16,0.01,50,relu,adam,0.0,True,5,165.95784854888916
8,7,221.53967112344634,11.853437779363523,0.13994557242766148,CNN1D,"(64, 32)","(5,)","(64,)",16,0.01,50,relu,adam,0.0,True,5,165.95784854888916
1,0,748.7597336161658,22.273185354643015,0.19047976586607807,CNN1D,"(64, 32)","(5,)","(64,)",16,0.01,50,relu,adam,0.0,False,6,183.42495846748352
2,1,526.3071112831656,20.15177309729836,0.2814485110038482,CNN1D,"(64, 32)","(5,)","(64,)",16,0.01,50,relu,adam,0.0,False,6,183.42495846748352
3,2,122.98358564748605,8.468365646229074,0.09756684423076889,CNN1D,"(64, 32)","(5,)","(64,)",16,0.01,50,relu,adam,0.0,False,6,183.42495846748352
4,3,209.67245213115257,10.367582125272776,0.10157780558984805,CNN1D,"(64, 32)","(5,)","(64,)",16,0.01,50,relu,adam,0.0,False,6,183.42495846748352
5,4,142.259488818815,9.386152326811539,0.09471951364947427,CNN1D,"(64, 32)","(5,)","(64,)",16,0.01,50,relu,adam,0.0,False,6,183.42495846748352
6,5,215.74619330574765,11.556229210547716,0.13601898092974518,CNN1D,"(64, 32)","(5,)","(64,)",16,0.01,50,relu,adam,0.0,False,6,183.42495846748352
7,6,164.92049282444123,10.25462873193282,0.12236453772347562,CNN1D,"(64, 32)","(5,)","(64,)",16,0.01,50,relu,adam,0.0,False,6,183.42495846748352
8,7,552.536386429574,20.200257295419362,0.2810623837505229,CNN1D,"(64, 32)","(5,)","(64,)",16,0.01,50,relu,adam,0.0,False,6,183.42495846748352
1,0,347.7730590193712,14.259509102468215,0.13017373326196693,CNN1D,"(64, 32)","(5,)","(64,)",16,0.01,50,relu,adam,0.5,True,7,119.1991286277771
2,1,302.16102284583275,14.601883817152544,0.1874850121403281,CNN1D,"(64, 32)","(5,)","(64,)",16,0.01,50,relu,adam,0.5,True,7,119.1991286277771
3,2,159.1347512404492,9.608323726644256,0.11253910297398845,CNN1D,"(64, 32)","(5,)","(64,)",16,0.01,50,relu,adam,0.5,True,7,119.1991286277771
4,3,278.4581409769522,11.726881954293077,0.1262582490184409,CNN1D,"(64, 32)","(5,)","(64,)",16,0.01,50,relu,adam,0.5,True,7,119.1991286277771
5,4,131.07913441680114,9.129382585737243,0.09265482981020387,CNN1D,"(64, 32)","(5,)","(64,)",16,0.01,50,relu,adam,0.5,True,7,119.1991286277771
6,5,387.6797930060069,15.66555765958043,0.18590314150603074,CNN1D,"(64, 32)","(5,)","(64,)",16,0.01,50,relu,adam,0.5,True,7,119.1991286277771
7,6,145.09706368801469,9.593843012218233,0.11071801475510794,CNN1D,"(64, 32)","(5,)","(64,)",16,0.01,50,relu,adam,0.5,True,7,119.1991286277771
8,7,244.3138239211707,12.769757156529703,0.17858258300562435,CNN1D,"(64, 32)","(5,)","(64,)",16,0.01,50,relu,adam,0.5,True,7,119.1991286277771
1,0,307.4643542016085,13.091947389547682,0.12286571126015663,CNN1D,"(64, 32)","(5,)","(64,)",16,0.01,50,relu,adam,0.5,False,8,181.41430163383484
2,1,202.76843234161953,11.806530513763427,0.14379509956812775,CNN1D,"(64, 32)","(5,)","(64,)",16,0.01,50,relu,adam,0.5,False,8,181.41430163383484
3,2,169.7548954908906,9.75883850074145,0.11192362283901339,CNN1D,"(64, 32)","(5,)","(64,)",16,0.01,50,relu,adam,0.5,False,8,181.41430163383484
4,3,266.33518687564447,11.476268028265727,0.12374479538106087,CNN1D,"(64, 32)","(5,)","(64,)",16,0.01,50,relu,adam,0.5,False,8,181.41430163383484
5,4,125.94975275567572,8.548790755849963,0.08550681457743549,CNN1D,"(64, 32)","(5,)","(64,)",16,0.01,50,relu,adam,0.5,False,8,181.41430163383484
6,5,419.9189431722383,16.444009459753282,0.19763768160624007,CNN1D,"(64, 32)","(5,)","(64,)",16,0.01,50,relu,adam,0.5,False,8,181.41430163383484
7,6,148.11990339149406,9.697213121003742,0.1101094417545189,CNN1D,"(64, 32)","(5,)","(64,)",16,0.01,50,relu,adam,0.5,False,8,181.41430163383484
8,7,231.5410207366224,12.448064058280188,0.1697725581128757,CNN1D,"(64, 32)","(5,)","(64,)",16,0.01,50,relu,adam,0.5,False,8,181.41430163383484
1,0,1039.4428610762673,28.35968575509319,0.2556293043251648,CNN1D,"(64, 32)","(5,)","(64,)",32,0.001,50,relu,adam,0.0,True,9,77.52450585365295
2,1,831.2312168227304,26.121086472597987,0.33089977161856965,CNN1D,"(64, 32)","(5,)","(64,)",32,0.001,50,relu,adam,0.0,True,9,77.52450585365295
3,2,180.9734948551407,11.39482128160944,0.11904720081677628,CNN1D,"(64, 32)","(5,)","(64,)",32,0.001,50,relu,adam,0.0,True,9,77.52450585365295
4,3,201.13062671942671,9.790319807128391,0.09953327984609703,CNN1D,"(64, 32)","(5,)","(64,)",32,0.001,50,relu,adam,0.0,True,9,77.52450585365295
5,4,173.33046728037655,10.643358588495534,0.10614708948904619,CNN1D,"(64, 32)","(5,)","(64,)",32,0.001,50,relu,adam,0.0,True,9,77.52450585365295
6,5,397.0528129754771,15.749896338702058,0.18167191366534394,CNN1D,"(64, 32)","(5,)","(64,)",32,0.001,50,relu,adam,0.0,True,9,77.52450585365295
7,6,124.00390007711059,8.791569181031818,0.09629904488897487,CNN1D,"(64, 32)","(5,)","(64,)",32,0.001,50,relu,adam,0.0,True,9,77.52450585365295
8,7,189.68047235536588,10.976586045312487,0.13834288086119254,CNN1D,"(64, 32)","(5,)","(64,)",32,0.001,50,relu,adam,0.0,True,9,77.52450585365295
1,0,732.4008825015665,21.345353657284754,0.18087815146478123,CNN1D,"(64, 32)","(5,)","(64,)",32,0.001,50,relu,adam,0.0,False,10,131.3724021911621
2,1,1107.0029471585626,29.710077900453047,0.3531126181254245,CNN1D,"(64, 32)","(5,)","(64,)",32,0.001,50,relu,adam,0.0,False,10,131.3724021911621
3,2,113.47549047063936,8.407621298438778,0.09583342158775274,CNN1D,"(64, 32)","(5,)","(64,)",32,0.001,50,relu,adam,0.0,False,10,131.3724021911621
4,3,378.77367788145176,14.63750297904317,0.1378976070839199,CNN1D,"(64, 32)","(5,)","(64,)",32,0.001,50,relu,adam,0.0,False,10,131.3724021911621
5,4,183.43323391126233,10.87169434422955,0.10843476215275855,CNN1D,"(64, 32)","(5,)","(64,)",32,0.001,50,relu,adam,0.0,False,10,131.3724021911621
6,5,234.60831763355216,12.027590605889866,0.14114500066498778,CNN1D,"(64, 32)","(5,)","(64,)",32,0.001,50,relu,adam,0.0,False,10,131.3724021911621
7,6,101.03724966689052,7.9736996723126765,0.08930289223298268,CNN1D,"(64, 32)","(5,)","(64,)",32,0.001,50,relu,adam,0.0,False,10,131.3724021911621
8,7,314.23506295114083,14.608951572544317,0.1932635151758107,CNN1D,"(64, 32)","(5,)","(64,)",32,0.001,50,relu,adam,0.0,False,10,131.3724021911621
1,0,597.2023449177689,19.835156545406434,0.1700218207744491,CNN1D,"(64, 32)","(5,)","(64,)",32,0.001,50,relu,adam,0.5,True,11,106.63447308540344
2,1,500.06495313587345,19.42625170881098,0.2485290772602161,CNN1D,"(64, 32)","(5,)","(64,)",32,0.001,50,relu,adam,0.5,True,11,106.63447308540344
3,2,160.91842534136003,10.090943747443546,0.10901067422253921,CNN1D,"(64, 32)","(5,)","(64,)",32,0.001,50,relu,adam,0.5,True,11,106.63447308540344
4,3,310.59593980360194,12.271514618487451,0.11748490299737209,CNN1D,"(64, 32)","(5,)","(64,)",32,0.001,50,relu,adam,0.5,True,11,106.63447308540344
5,4,146.92063918597137,9.700521470002114,0.09868913029058171,CNN1D,"(64, 32)","(5,)","(64,)",32,0.001,50,relu,adam,0.5,True,11,106.63447308540344
6,5,512.5020434321128,18.319412455403764,0.21705961208638214,CNN1D,"(64, 32)","(5,)","(64,)",32,0.001,50,relu,adam,0.5,True,11,106.63447308540344
7,6,110.30526074242673,8.178228713892683,0.09038310499823068,CNN1D,"(64, 32)","(5,)","(64,)",32,0.001,50,relu,adam,0.5,True,11,106.63447308540344
8,7,199.06426961660702,11.562314659110772,0.15469260162614262,CNN1D,"(64, 32)","(5,)","(64,)",32,0.001,50,relu,adam,0.5,True,11,106.63447308540344
1,0,428.3253247094235,16.614693433376743,0.14931341179423607,CNN1D,"(64, 32)","(5,)","(64,)",32,0.001,50,relu,adam,0.5,False,12,131.66348910331726
2,1,738.3147968715522,24.19420291380449,0.30152950177770077,CNN1D,"(64, 32)","(5,)","(64,)",32,0.001,50,relu,adam,0.5,False,12,131.66348910331726
3,2,134.94289288168812,8.975221293977913,0.09987103209132579,CNN1D,"(64, 32)","(5,)","(64,)",32,0.001,50,relu,adam,0.5,False,12,131.66348910331726
4,3,239.92386200780052,10.644927460161792,0.10559012740049126,CNN1D,"(64, 32)","(5,)","(64,)",32,0.001,50,relu,adam,0.5,False,12,131.66348910331726
5,4,136.3824721199574,9.502210569226682,0.09571908654226118,CNN1D,"(64, 32)","(5,)","(64,)",32,0.001,50,relu,adam,0.5,False,12,131.66348910331726
6,5,357.3577624780011,14.902318502849077,0.17518963189024156,CNN1D,"(64, 32)","(5,)","(64,)",32,0.001,50,relu,adam,0.5,False,12,131.66348910331726
7,6,102.79609149894301,8.010151434548295,0.09163601528119161,CNN1D,"(64, 32)","(5,)","(64,)",32,0.001,50,relu,adam,0.5,False,12,131.66348910331726
8,7,206.34892457924667,11.801970352811262,0.16029481596196424,CNN1D,"(64, 32)","(5,)","(64,)",32,0.001,50,relu,adam,0.5,False,12,131.66348910331726
1,0,708.5798873554436,23.56868454410866,0.21657039494612257,CNN1D,"(64, 32)","(5,)","(64,)",32,0.01,50,relu,adam,0.0,True,13,91.98438477516174
2,1,705.6564069639034,23.550280290950425,0.31436735175431574,CNN1D,"(64, 32)","(5,)","(64,)",32,0.01,50,relu,adam,0.0,True,13,91.98438477516174
3,2,98.47223771502323,7.8632268332553386,0.08799709585423429,CNN1D,"(64, 32)","(5,)","(64,)",32,0.01,50,relu,adam,0.0,True,13,91.98438477516174
4,3,138.85092694309216,8.938678804334703,0.0951917141238877,CNN1D,"(64, 32)","(5,)","(64,)",32,0.01,50,relu,adam,0.0,True,13,91.98438477516174
5,4,259.36557221217595,13.052420944376873,0.13167769293012394,CNN1D,"(64, 32)","(5,)","(64,)",32,0.01,50,relu,adam,0.0,True,13,91.98438477516174
6,5,370.99920456556316,15.342427309712757,0.18023545943218036,CNN1D,"(64, 32)","(5,)","(64,)",32,0.01,50,relu,adam,0.0,True,13,91.98438477516174
7,6,108.067676754752,8.114505760579169,0.09089044271513612,CNN1D,"(64, 32)","(5,)","(64,)",32,0.01,50,relu,adam,0.0,True,13,91.98438477516174
8,7,349.7282454120058,15.921010955306123,0.21820292228495253,CNN1D,"(64, 32)","(5,)","(64,)",32,0.01,50,relu,adam,0.0,True,13,91.98438477516174
1,0,671.9983181163009,22.333617669251435,0.20141176986395945,CNN1D,"(64, 32)","(5,)","(64,)",32,0.01,50,relu,adam,0.0,False,14,96.94859266281128
2,1,668.116216228577,22.801052065762605,0.2951065139512986,CNN1D,"(64, 32)","(5,)","(64,)",32,0.01,50,relu,adam,0.0,False,14,96.94859266281128
3,2,102.47048760934481,8.140947174401424,0.1009593794563286,CNN1D,"(64, 32)","(5,)","(64,)",32,0.01,50,relu,adam,0.0,False,14,96.94859266281128
4,3,127.4184549039484,8.690071741202477,0.09188488142781898,CNN1D,"(64, 32)","(5,)","(64,)",32,0.01,50,relu,adam,0.0,False,14,96.94859266281128
5,4,165.81341318930563,9.715968418608584,0.09878033429550073,CNN1D,"(64, 32)","(5,)","(64,)",32,0.01,50,relu,adam,0.0,False,14,96.94859266281128
6,5,365.7883077161342,15.704989979765706,0.1912028035973893,CNN1D,"(64, 32)","(5,)","(64,)",32,0.01,50,relu,adam,0.0,False,14,96.94859266281128
7,6,112.91096010024707,8.181467015230202,0.09057603501997272,CNN1D,"(64, 32)","(5,)","(64,)",32,0.01,50,relu,adam,0.0,False,14,96.94859266281128
8,7,873.2356688072764,26.01257118114755,0.3489828903557882,CNN1D,"(64, 32)","(5,)","(64,)",32,0.01,50,relu,adam,0.0,False,14,96.94859266281128
1,0,410.735511054433,15.767306427204952,0.14074713659185428,CNN1D,"(64, 32)","(5,)","(64,)",32,0.01,50,relu,adam,0.5,True,15,106.87594699859619
2,1,215.164289465619,12.354316009174694,0.15664376400768865,CNN1D,"(64, 32)","(5,)","(64,)",32,0.01,50,relu,adam,0.5,True,15,106.87594699859619
3,2,163.91089000824684,9.620184762697068,0.11124517101854176,CNN1D,"(64, 32)","(5,)","(64,)",32,0.01,50,relu,adam,0.5,True,15,106.87594699859619
4,3,311.71262467929125,12.357317418237912,0.13013038563345752,CNN1D,"(64, 32)","(5,)","(64,)",32,0.01,50,relu,adam,0.5,True,15,106.87594699859619
5,4,155.50953574598523,9.95258895175932,0.10223232204831256,CNN1D,"(64, 32)","(5,)","(64,)",32,0.01,50,relu,adam,0.5,True,15,106.87594699859619
6,5,438.1603302661599,16.79568959902005,0.201264860046591,CNN1D,"(64, 32)","(5,)","(64,)",32,0.01,50,relu,adam,0.5,True,15,106.87594699859619
7,6,131.42922082646004,9.162508427342281,0.10773779283757472,CNN1D,"(64, 32)","(5,)","(64,)",32,0.01,50,relu,adam,0.5,True,15,106.87594699859619
8,7,238.65283721043812,12.62245505309302,0.17521654321973335,CNN1D,"(64, 32)","(5,)","(64,)",32,0.01,50,relu,adam,0.5,True,15,106.87594699859619
1,0,310.7548357912176,13.157159877193475,0.12464520844763552,CNN1D,"(64, 32)","(5,)","(64,)",32,0.01,50,relu,adam,0.5,False,16,158.8789517879486
2,1,319.7089490108074,15.033225550218061,0.19607931801647585,CNN1D,"(64, 32)","(5,)","(64,)",32,0.01,50,relu,adam,0.5,False,16,158.8789517879486
3,2,172.23394147512084,9.793929949869666,0.1114357161555179,CNN1D,"(64, 32)","(5,)","(64,)",32,0.01,50,relu,adam,0.5,False,16,158.8789517879486
4,3,285.8481877328916,11.913376326089377,0.1277015577247285,CNN1D,"(64, 32)","(5,)","(64,)",32,0.01,50,relu,adam,0.5,False,16,158.8789517879486
5,4,103.62337602979545,8.065682089168195,0.08119777469426054,CNN1D,"(64, 32)","(5,)","(64,)",32,0.01,50,relu,adam,0.5,False,16,158.8789517879486
6,5,460.3545159217012,17.46525577617351,0.20966443716142258,CNN1D,"(64, 32)","(5,)","(64,)",32,0.01,50,relu,adam,0.5,False,16,158.8789517879486
7,6,171.46046443674254,10.3054989766471,0.11396691965413658,CNN1D,"(64, 32)","(5,)","(64,)",32,0.01,50,relu,adam,0.5,False,16,158.8789517879486
8,7,242.9386827451847,12.75176317829731,0.17852943957515766,CNN1D,"(64, 32)","(5,)","(64,)",32,0.01,50,relu,adam,0.5,False,16,158.8789517879486
1,0,655.2926386780372,22.16216326922905,0.20303870850825026,CNN1D,"(64, 32)","(5, 3)","(64,)",16,0.001,50,relu,adam,0.0,True,17,130.1587119102478
2,1,263.35916250114235,13.642307542454112,0.1752770191305127,CNN1D,"(64, 32)","(5, 3)","(64,)",16,0.001,50,relu,adam,0.0,True,17,130.1587119102478
3,2,207.29059533923743,11.801018232434728,0.12015355451441152,CNN1D,"(64, 32)","(5, 3)","(64,)",16,0.001,50,relu,adam,0.0,True,17,130.1587119102478
4,3,366.7094930940731,15.504864714454012,0.15954377896723682,CNN1D,"(64, 32)","(5, 3)","(64,)",16,0.001,50,relu,adam,0.0,True,17,130.1587119102478
5,4,204.698172702762,11.47478397403049,0.115177145223649,CNN1D,"(64, 32)","(5, 3)","(64,)",16,0.001,50,relu,adam,0.0,True,17,130.1587119102478
6,5,210.38609353023435,12.1442432375801,0.14831918908852157,CNN1D,"(64, 32)","(5, 3)","(64,)",16,0.001,50,relu,adam,0.0,True,17,130.1587119102478
7,6,105.75567605680959,7.869354455682295,0.08800698172856755,CNN1D,"(64, 32)","(5, 3)","(64,)",16,0.001,50,relu,adam,0.0,True,17,130.1587119102478
8,7,241.2872733200673,12.905542374642426,0.1765206899465906,CNN1D,"(64, 32)","(5, 3)","(64,)",16,0.001,50,relu,adam,0.0,True,17,130.1587119102478
1,0,721.294985008554,21.684557992973243,0.1819596281211363,CNN1D,"(64, 32)","(5, 3)","(64,)",16,0.001,50,relu,adam,0.0,False,18,135.31601357460022
2,1,942.8438024930233,27.76120923649181,0.34807938885251233,CNN1D,"(64, 32)","(5, 3)","(64,)",16,0.001,50,relu,adam,0.0,False,18,135.31601357460022
3,2,145.37687975585482,9.84792869814739,0.10317037334190284,CNN1D,"(64, 32)","(5, 3)","(64,)",16,0.001,50,relu,adam,0.0,False,18,135.31601357460022
4,3,598.251384565204,20.083188776030745,0.20063162807578644,CNN1D,"(64, 32)","(5, 3)","(64,)",16,0.001,50,relu,adam,0.0,False,18,135.31601357460022
5,4,252.92813009624928,12.885092531089942,0.12929895493052612,CNN1D,"(64, 32)","(5, 3)","(64,)",16,0.001,50,relu,adam,0.0,False,18,135.31601357460022
6,5,303.608650518234,13.343325171176811,0.156105932243336,CNN1D,"(64, 32)","(5, 3)","(64,)",16,0.001,50,relu,adam,0.0,False,18,135.31601357460022
7,6,132.94003242282176,9.265568707864496,0.10394134029034305,CNN1D,"(64, 32)","(5, 3)","(64,)",16,0.001,50,relu,adam,0.0,False,18,135.31601357460022
8,7,279.3131124290577,14.00617509439957,0.19482527440546143,CNN1D,"(64, 32)","(5, 3)","(64,)",16,0.001,50,relu,adam,0.0,False,18,135.31601357460022
1,0,587.9550374752092,19.94884325395402,0.17478074272677357,CNN1D,"(64, 32)","(5, 3)","(64,)",16,0.001,50,relu,adam,0.5,True,19,139.63851165771484
2,1,366.41127475732213,15.775423414056952,0.1936648767035183,CNN1D,"(64, 32)","(5, 3)","(64,)",16,0.001,50,relu,adam,0.5,True,19,139.63851165771484
3,2,129.22511720126863,8.715601593393757,0.09788328371900801,CNN1D,"(64, 32)","(5, 3)","(64,)",16,0.001,50,relu,adam,0.5,True,19,139.63851165771484
4,3,304.6253054954067,12.347195570487042,0.13295806935510834,CNN1D,"(64, 32)","(5, 3)","(64,)",16,0.001,50,relu,adam,0.5,True,19,139.63851165771484
5,4,171.44120368096847,10.524292502467487,0.10804421220755253,CNN1D,"(64, 32)","(5, 3)","(64,)",16,0.001,50,relu,adam,0.5,True,19,139.63851165771484
6,5,354.86830276835343,14.831245281695164,0.1758520161485121,CNN1D,"(64, 32)","(5, 3)","(64,)",16,0.001,50,relu,adam,0.5,True,19,139.63851165771484
7,6,117.65962648761403,8.560043868535683,0.09879582667903145,CNN1D,"(64, 32)","(5, 3)","(64,)",16,0.001,50,relu,adam,0.5,True,19,139.63851165771484
8,7,189.59405118393926,11.216454756161397,0.14852290399686163,CNN1D,"(64, 32)","(5, 3)","(64,)",16,0.001,50,relu,adam,0.5,True,19,139.63851165771484
1,0,672.6561809587057,21.074396063641803,0.17973580462411773,CNN1D,"(64, 32)","(5, 3)","(64,)",16,0.001,50,relu,adam,0.5,False,20,209.03420996665955
2,1,287.4273768630256,14.309003267288208,0.18967242291304048,CNN1D,"(64, 32)","(5, 3)","(64,)",16,0.001,50,relu,adam,0.5,False,20,209.03420996665955
3,2,118.01337366831962,8.40642058671776,0.09913888476524445,CNN1D,"(64, 32)","(5, 3)","(64,)",16,0.001,50,relu,adam,0.5,False,20,209.03420996665955
4,3,292.5599607053193,12.686306854273845,0.144823200331613,CNN1D,"(64, 32)","(5, 3)","(64,)",16,0.001,50,relu,adam,0.5,False,20,209.03420996665955
5,4,178.37179701825812,10.44319979024941,0.10670511099391694,CNN1D,"(64, 32)","(5, 3)","(64,)",16,0.001,50,relu,adam,0.5,False,20,209.03420996665955
6,5,311.5222369423796,13.840031803839995,0.16308582724693832,CNN1D,"(64, 32)","(5, 3)","(64,)",16,0.001,50,relu,adam,0.5,False,20,209.03420996665955
7,6,135.4694486899317,9.2011431259445,0.10164907050345369,CNN1D,"(64, 32)","(5, 3)","(64,)",16,0.001,50,relu,adam,0.5,False,20,209.03420996665955
8,7,188.33043828449337,11.174313492026211,0.14581839483471606,CNN1D,"(64, 32)","(5, 3)","(64,)",16,0.001,50,relu,adam,0.5,False,20,209.03420996665955
1,0,509.3560147455205,18.28385623225616,0.16050642624550937,CNN1D,"(64, 32)","(5, 3)","(64,)",16,0.01,50,relu,adam,0.0,True,21,110.27232956886292
2,1,1011.8648521041557,28.61989450454712,0.3685358471290651,CNN1D,"(64, 32)","(5, 3)","(64,)",16,0.01,50,relu,adam,0.0,True,21,110.27232956886292
3,2,177.7545739492154,10.543547383931948,0.11777547012682446,CNN1D,"(64, 32)","(5, 3)","(64,)",16,0.01,50,relu,adam,0.0,True,21,110.27232956886292
4,3,138.82999973070307,8.564932123443784,0.08729866858991381,CNN1D,"(64, 32)","(5, 3)","(64,)",16,0.01,50,relu,adam,0.0,True,21,110.27232956886292
5,4,108.24231403454259,8.36892183093874,0.08429957433856332,CNN1D,"(64, 32)","(5, 3)","(64,)",16,0.01,50,relu,adam,0.0,True,21,110.27232956886292
6,5,209.840809828615,11.274287413995513,0.13072397203709685,CNN1D,"(64, 32)","(5, 3)","(64,)",16,0.01,50,relu,adam,0.0,True,21,110.27232956886292
7,6,180.24288692037237,10.666230184820634,0.12118696295510104,CNN1D,"(64, 32)","(5, 3)","(64,)",16,0.01,50,relu,adam,0.0,True,21,110.27232956886292
8,7,508.0322825233483,19.39325061809918,0.26100085005771706,CNN1D,"(64, 32)","(5, 3)","(64,)",16,0.01,50,relu,adam,0.0,True,21,110.27232956886292
1,0,606.6154270587106,20.459454988957507,0.17769599801035219,CNN1D,"(64, 32)","(5, 3)","(64,)",16,0.01,50,relu,adam,0.0,False,22,193.131933927536
2,1,489.76104375158616,19.317247857180508,0.26695990048959883,CNN1D,"(64, 32)","(5, 3)","(64,)",16,0.01,50,relu,adam,0.0,False,22,193.131933927536
3,2,97.47235187067687,7.883625459597548,0.08745104010681008,CNN1D,"(64, 32)","(5, 3)","(64,)",16,0.01,50,relu,adam,0.0,False,22,193.131933927536
4,3,238.79881727944672,10.774564393173307,0.10480415369657915,CNN1D,"(64, 32)","(5, 3)","(64,)",16,0.01,50,relu,adam,0.0,False,22,193.131933927536
5,4,100.7100253671134,7.9812702855784785,0.0803179195264426,CNN1D,"(64, 32)","(5, 3)","(64,)",16,0.01,50,relu,adam,0.0,False,22,193.131933927536
6,5,232.23943621945855,11.77253442456108,0.13924341175986005,CNN1D,"(64, 32)","(5, 3)","(64,)",16,0.01,50,relu,adam,0.0,False,22,193.131933927536
7,6,113.22781391024125,8.404786055601097,0.09462985008724342,CNN1D,"(64, 32)","(5, 3)","(64,)",16,0.01,50,relu,adam,0.0,False,22,193.131933927536
8,7,437.3300658418892,17.81420344557644,0.24072513596964096,CNN1D,"(64, 32)","(5, 3)","(64,)",16,0.01,50,relu,adam,0.0,False,22,193.131933927536
1,0,344.15514861780855,13.921365408040995,0.12908653789925684,CNN1D,"(64, 32)","(5, 3)","(64,)",16,0.01,50,relu,adam,0.5,True,23,136.46619939804077
2,1,203.21509689372033,11.82257265957919,0.1440037966663672,CNN1D,"(64, 32)","(5, 3)","(64,)",16,0.01,50,relu,adam,0.5,True,23,136.46619939804077
3,2,162.46481991963554,9.634800737064559,0.1116951568726045,CNN1D,"(64, 32)","(5, 3)","(64,)",16,0.01,50,relu,adam,0.5,True,23,136.46619939804077
4,3,307.8267341127424,12.28301641765733,0.13238734669919716,CNN1D,"(64, 32)","(5, 3)","(64,)",16,0.01,50,relu,adam,0.5,True,23,136.46619939804077
5,4,148.84500190530363,9.634695512884116,0.09760297167416548,CNN1D,"(64, 32)","(5, 3)","(64,)",16,0.01,50,relu,adam,0.5,True,23,136.46619939804077
6,5,433.0618969522066,16.789176313464125,0.2026011577426644,CNN1D,"(64, 32)","(5, 3)","(64,)",16,0.01,50,relu,adam,0.5,True,23,136.46619939804077
7,6,174.5393761599177,10.540478206586233,0.12119161464460175,CNN1D,"(64, 32)","(5, 3)","(64,)",16,0.01,50,relu,adam,0.5,True,23,136.46619939804077
8,7,273.7800848779802,13.546502406932106,0.19536386808388906,CNN1D,"(64, 32)","(5, 3)","(64,)",16,0.01,50,relu,adam,0.5,True,23,136.46619939804077
1,0,346.1092601895182,14.073843930618727,0.13048890689225606,CNN1D,"(64, 32)","(5, 3)","(64,)",16,0.01,50,relu,adam,0.5,False,24,196.42550373077393
2,1,202.9926976472224,11.817055289528586,0.14399782191476998,CNN1D,"(64, 32)","(5, 3)","(64,)",16,0.01,50,relu,adam,0.5,False,24,196.42550373077393
3,2,160.42887059424777,9.861165809337457,0.11526892523849833,CNN1D,"(64, 32)","(5, 3)","(64,)",16,0.01,50,relu,adam,0.5,False,24,196.42550373077393
4,3,281.2922172627893,11.916765614474919,0.13109729994157915,CNN1D,"(64, 32)","(5, 3)","(64,)",16,0.01,50,relu,adam,0.5,False,24,196.42550373077393
5,4,140.06504201246815,9.350540203656145,0.09551039657583166,CNN1D,"(64, 32)","(5, 3)","(64,)",16,0.01,50,relu,adam,0.5,False,24,196.42550373077393
6,5,438.7591067919709,16.85895521301832,0.20272739072596918,CNN1D,"(64, 32)","(5, 3)","(64,)",16,0.01,50,relu,adam,0.5,False,24,196.42550373077393
7,6,173.12715391984185,10.631281531611576,0.1254121399949915,CNN1D,"(64, 32)","(5, 3)","(64,)",16,0.01,50,relu,adam,0.5,False,24,196.42550373077393
8,7,298.0419116787588,14.167374244406204,0.20621704289095086,CNN1D,"(64, 32)","(5, 3)","(64,)",16,0.01,50,relu,adam,0.5,False,24,196.42550373077393
1,0,1148.700905155439,28.268818289636247,0.24200885116378482,CNN1D,"(64, 32)","(5, 3)","(64,)",32,0.001,50,relu,adam,0.0,True,25,78.29490041732788
2,1,760.4602045676312,24.46646346352317,0.3089555574482503,CNN1D,"(64, 32)","(5, 3)","(64,)",32,0.001,50,relu,adam,0.0,True,25,78.29490041732788
3,2,165.56348651315227,10.418206712069363,0.11036687434800399,CNN1D,"(64, 32)","(5, 3)","(64,)",32,0.001,50,relu,adam,0.0,True,25,78.29490041732788
4,3,342.4546117634585,13.520169762766976,0.1315068412068889,CNN1D,"(64, 32)","(5, 3)","(64,)",32,0.001,50,relu,adam,0.0,True,25,78.29490041732788
5,4,201.8479164726285,11.434049624041297,0.11436081025584764,CNN1D,"(64, 32)","(5, 3)","(64,)",32,0.001,50,relu,adam,0.0,True,25,78.29490041732788
6,5,202.90794864455015,11.202047545142916,0.13172282181581324,CNN1D,"(64, 32)","(5, 3)","(64,)",32,0.001,50,relu,adam,0.0,True,25,78.29490041732788
7,6,123.97863065832314,8.784479406815542,0.09717486544648782,CNN1D,"(64, 32)","(5, 3)","(64,)",32,0.001,50,relu,adam,0.0,True,25,78.29490041732788
8,7,304.0837725028462,14.358215275874809,0.1940888581726148,CNN1D,"(64, 32)","(5, 3)","(64,)",32,0.001,50,relu,adam,0.0,True,25,78.29490041732788
1,0,1272.495796442653,30.72613411732101,0.27081242932095684,CNN1D,"(64, 32)","(5, 3)","(64,)",32,0.001,50,relu,adam,0.0,False,26,103.38283586502075
2,1,412.7242182814364,17.053762669996782,0.21525772662044035,CNN1D,"(64, 32)","(5, 3)","(64,)",32,0.001,50,relu,adam,0.0,False,26,103.38283586502075
3,2,191.64276381145976,11.429349956110801,0.11640666208363493,CNN1D,"(64, 32)","(5, 3)","(64,)",32,0.001,50,relu,adam,0.0,False,26,103.38283586502075
4,3,309.5189206905398,12.212879428395958,0.11863916477957444,CNN1D,"(64, 32)","(5, 3)","(64,)",32,0.001,50,relu,adam,0.0,False,26,103.38283586502075
5,4,200.0360069055438,11.048040864858526,0.10877591799828037,CNN1D,"(64, 32)","(5, 3)","(64,)",32,0.001,50,relu,adam,0.0,False,26,103.38283586502075
6,5,207.26131115899213,12.086660765491025,0.14991771213568322,CNN1D,"(64, 32)","(5, 3)","(64,)",32,0.001,50,relu,adam,0.0,False,26,103.38283586502075
7,6,145.0693199769578,9.514964992185183,0.10764308954140514,CNN1D,"(64, 32)","(5, 3)","(64,)",32,0.001,50,relu,adam,0.0,False,26,103.38283586502075
8,7,244.52249452249146,13.112868522809556,0.18140630083208908,CNN1D,"(64, 32)","(5, 3)","(64,)",32,0.001,50,relu,adam,0.0,False,26,103.38283586502075
1,0,947.2431642953696,25.50736211514526,0.21843617918495042,CNN1D,"(64, 32)","(5, 3)","(64,)",32,0.001,50,relu,adam,0.5,True,27,125.10972118377686
2,1,267.01981513985487,13.399805792895231,0.16362766511363952,CNN1D,"(64, 32)","(5, 3)","(64,)",32,0.001,50,relu,adam,0.5,True,27,125.10972118377686
3,2,129.30061389800454,8.681321076999032,0.0992008325386417,CNN1D,"(64, 32)","(5, 3)","(64,)",32,0.001,50,relu,adam,0.5,True,27,125.10972118377686
4,3,344.83479810420295,13.141754173768948,0.13964779044452177,CNN1D,"(64, 32)","(5, 3)","(64,)",32,0.001,50,relu,adam,0.5,True,27,125.10972118377686
5,4,169.64138837708518,10.40638998060851,0.10479851700150591,CNN1D,"(64, 32)","(5, 3)","(64,)",32,0.001,50,relu,adam,0.5,True,27,125.10972118377686
6,5,199.48846300688245,11.210917201220324,0.13451795980256454,CNN1D,"(64, 32)","(5, 3)","(64,)",32,0.001,50,relu,adam,0.5,True,27,125.10972118377686
7,6,133.80953703171292,9.09697715783421,0.10160217589580173,CNN1D,"(64, 32)","(5, 3)","(64,)",32,0.001,50,relu,adam,0.5,True,27,125.10972118377686
8,7,188.5493207013945,11.293055719580533,0.14903014567601344,CNN1D,"(64, 32)","(5, 3)","(64,)",32,0.001,50,relu,adam,0.5,True,27,125.10972118377686
1,0,879.9495466789394,24.424966273973894,0.20681865856089127,CNN1D,"(64, 32)","(5, 3)","(64,)",32,0.001,50,relu,adam,0.5,False,28,150.98947763442993
2,1,266.1487020764165,12.812830188057639,0.14281454060157786,CNN1D,"(64, 32)","(5, 3)","(64,)",32,0.001,50,relu,adam,0.5,False,28,150.98947763442993
3,2,121.83986919289691,8.435903145584867,0.0940452692828547,CNN1D,"(64, 32)","(5, 3)","(64,)",32,0.001,50,relu,adam,0.5,False,28,150.98947763442993
4,3,249.47984924290483,11.869631182008746,0.1282229852100881,CNN1D,"(64, 32)","(5, 3)","(64,)",32,0.001,50,relu,adam,0.5,False,28,150.98947763442993
5,4,188.47175572825068,11.107907774943392,0.11312373279831975,CNN1D,"(64, 32)","(5, 3)","(64,)",32,0.001,50,relu,adam,0.5,False,28,150.98947763442993
6,5,164.22222007364184,10.566479104979994,0.13208359841988093,CNN1D,"(64, 32)","(5, 3)","(64,)",32,0.001,50,relu,adam,0.5,False,28,150.98947763442993
7,6,127.63954221800371,8.94380627644213,0.09721242499566479,CNN1D,"(64, 32)","(5, 3)","(64,)",32,0.001,50,relu,adam,0.5,False,28,150.98947763442993
8,7,190.5793766073324,11.259828521200447,0.14876578881454738,CNN1D,"(64, 32)","(5, 3)","(64,)",32,0.001,50,relu,adam,0.5,False,28,150.98947763442993
1,0,475.5841407212758,18.439707765558076,0.16674981002241862,CNN1D,"(64, 32)","(5, 3)","(64,)",32,0.01,50,relu,adam,0.0,True,29,99.47019958496094
2,1,170.41544996498345,10.427750116695059,0.12433300209923301,CNN1D,"(64, 32)","(5, 3)","(64,)",32,0.01,50,relu,adam,0.0,True,29,99.47019958496094
3,2,391.27114949949157,16.32223304920951,0.15617830694176266,CNN1D,"(64, 32)","(5, 3)","(64,)",32,0.01,50,relu,adam,0.0,True,29,99.47019958496094
4,3,158.32453862379796,9.787267305240325,0.11499683454962187,CNN1D,"(64, 32)","(5, 3)","(64,)",32,0.01,50,relu,adam,0.0,True,29,99.47019958496094
5,4,152.13560644065484,10.14695176223351,0.10286070570300473,CNN1D,"(64, 32)","(5, 3)","(64,)",32,0.01,50,relu,adam,0.0,True,29,99.47019958496094
6,5,521.7030357264405,20.105063907155014,0.2511812239601119,CNN1D,"(64, 32)","(5, 3)","(64,)",32,0.01,50,relu,adam,0.0,True,29,99.47019958496094
7,6,117.5831199390471,8.46188550659373,0.09534299391242453,CNN1D,"(64, 32)","(5, 3)","(64,)",32,0.01,50,relu,adam,0.0,True,29,99.47019958496094
8,7,353.267475014349,15.591277474214223,0.21046235419098855,CNN1D,"(64, 32)","(5, 3)","(64,)",32,0.01,50,relu,adam,0.0,True,29,99.47019958496094
1,0,295.33778016827773,13.256827684305193,0.12286062343143728,CNN1D,"(64, 32)","(5, 3)","(64,)",32,0.01,50,relu,adam,0.0,False,30,93.70688343048096
2,1,514.9531894755839,19.545197128816085,0.2505843279577168,CNN1D,"(64, 32)","(5, 3)","(64,)",32,0.01,50,relu,adam,0.0,False,30,93.70688343048096
3,2,152.93363983563864,9.5221328323905,0.10203640466475764,CNN1D,"(64, 32)","(5, 3)","(64,)",32,0.01,50,relu,adam,0.0,False,30,93.70688343048096
4,3,252.96729393129527,11.309251823167326,0.10794182218111867,CNN1D,"(64, 32)","(5, 3)","(64,)",32,0.01,50,relu,adam,0.0,False,30,93.70688343048096
5,4,161.72299748722585,10.416194028982826,0.10511299432341273,CNN1D,"(64, 32)","(5, 3)","(64,)",32,0.01,50,relu,adam,0.0,False,30,93.70688343048096
6,5,178.9512757394491,10.630150751949571,0.1274285847107923,CNN1D,"(64, 32)","(5, 3)","(64,)",32,0.01,50,relu,adam,0.0,False,30,93.70688343048096
7,6,173.07023942281867,10.208273367338542,0.10537939886256378,CNN1D,"(64, 32)","(5, 3)","(64,)",32,0.01,50,relu,adam,0.0,False,30,93.70688343048096
8,7,460.29576789982843,18.44431494287223,0.2527500799327518,CNN1D,"(64, 32)","(5, 3)","(64,)",32,0.01,50,relu,adam,0.0,False,30,93.70688343048096
1,0,423.3407876909589,15.951705196744323,0.1446611213616108,CNN1D,"(64, 32)","(5, 3)","(64,)",32,0.01,50,relu,adam,0.5,True,31,100.49233603477478
2,1,222.04361527296572,12.420291387384587,0.15271871385253927,CNN1D,"(64, 32)","(5, 3)","(64,)",32,0.01,50,relu,adam,0.5,True,31,100.49233603477478
3,2,144.56036869879753,9.527946826795706,0.11357719150185999,CNN1D,"(64, 32)","(5, 3)","(64,)",32,0.01,50,relu,adam,0.5,True,31,100.49233603477478
4,3,271.75437771617123,11.71319353711474,0.1277583567756859,CNN1D,"(64, 32)","(5, 3)","(64,)",32,0.01,50,relu,adam,0.5,True,31,100.49233603477478
5,4,140.74412874868517,9.377756360625867,0.09594314587294477,CNN1D,"(64, 32)","(5, 3)","(64,)",32,0.01,50,relu,adam,0.5,True,31,100.49233603477478
6,5,353.8320399397147,14.785036936597534,0.1750699628613504,CNN1D,"(64, 32)","(5, 3)","(64,)",32,0.01,50,relu,adam,0.5,True,31,100.49233603477478
7,6,166.44505830365136,10.160795248007473,0.11237912573323008,CNN1D,"(64, 32)","(5, 3)","(64,)",32,0.01,50,relu,adam,0.5,True,31,100.49233603477478
8,7,299.4179171346434,14.183038207125072,0.20368253652576498,CNN1D,"(64, 32)","(5, 3)","(64,)",32,0.01,50,relu,adam,0.5,True,31,100.49233603477478
1,0,264.13018231204165,11.917891652515351,0.11611128761481912,CNN1D,"(64, 32)","(5, 3)","(64,)",32,0.01,50,relu,adam,0.5,False,32,159.95801305770874
2,1,206.9231330986068,12.03166522286155,0.14936053764874596,CNN1D,"(64, 32)","(5, 3)","(64,)",32,0.01,50,relu,adam,0.5,False,32,159.95801305770874
3,2,157.63783223399298,9.631155062040182,0.11349205594064171,CNN1D,"(64, 32)","(5, 3)","(64,)",32,0.01,50,relu,adam,0.5,False,32,159.95801305770874
4,3,274.82914729931815,11.96038539109347,0.13352932559125633,CNN1D,"(64, 32)","(5, 3)","(64,)",32,0.01,50,relu,adam,0.5,False,32,159.95801305770874
5,4,145.92809740462397,9.607759325990443,0.09850873445280656,CNN1D,"(64, 32)","(5, 3)","(64,)",32,0.01,50,relu,adam,0.5,False,32,159.95801305770874
6,5,402.60542604392424,15.95712909578178,0.19015647743412784,CNN1D,"(64, 32)","(5, 3)","(64,)",32,0.01,50,relu,adam,0.5,False,32,159.95801305770874
7,6,169.7772789755409,10.326626146292384,0.11674728073507681,CNN1D,"(64, 32)","(5, 3)","(64,)",32,0.01,50,relu,adam,0.5,False,32,159.95801305770874
8,7,254.9452327102535,13.040274618085752,0.181725081961894,CNN1D,"(64, 32)","(5, 3)","(64,)",32,0.01,50,relu,adam,0.5,False,32,159.95801305770874
